expt	cohort	animal	sex	cage	strain	treatment	dose	timepoint	display	color	lty	x
D	DR-000	DA1	f	DA	RML	saline	0	-14	0	#999999	1	1
D	DR-000	DA2	f	DA	RML	saline	0	-14	0	#999999	1	1
D	DR-000	DA3	f	DA	RML	saline	0	-14	0	#999999	1	1
D	DR-000	DA4	f	DA	RML	saline	0	-14	0	#999999	1	1
D	DR-030	DB1	f	DB	RML	active ASO 1	30	-14	30	#FBB4B9	1	2
D	DR-030	DB2	f	DB	RML	active ASO 1	30	-14	30	#FBB4B9	1	2
D	DR-030	DB3	f	DB	RML	active ASO 1	30	-14	30	#FBB4B9	1	2
D	DR-030	DB4	f	DB	RML	active ASO 1	30	-14	30	#FBB4B9	1	2
D	DR-100	DC1	f	DC	RML	active ASO 1	100	-14	100	#F768A1	1	3
D	DR-100	DC2	f	DC	RML	active ASO 1	100	-14	100	#F768A1	1	3
D	DR-100	DC3	f	DC	RML	active ASO 1	100	-14	100	#F768A1	1	3
D	DR-100	DC4	f	DC	RML	active ASO 1	100	-14	100	#F768A1	1	3
D	DR-300	DD1	f	DD	RML	active ASO 1	300	-14	300	#C51B9A	1	4
D	DR-300	DD2	f	DD	RML	active ASO 1	300	-14	300	#C51B9A	1	4
D	DR-300	DD3	f	DD	RML	active ASO 1	300	-14	300	#C51B9A	1	4
D	DR-300	DD4	f	DD	RML	active ASO 1	300	-14	300	#C51B9A	1	4
D	DR-500	DE1	f	DE	RML	active ASO 1	500	-14	500	#7A0177	1	5
D	DR-500	DE2	f	DE	RML	active ASO 1	500	-14	500	#7A0177	1	5
D	DR-500	DE3	f	DE	RML	active ASO 1	500	-14	500	#7A0177	1	5
D	DR-500	DE4	f	DE	RML	active ASO 1	500	-14	500	#7A0177	1	5
D	DR-000	DF1	f	DF	RML	saline	0	-14	0	#999999	1	1
D	DR-000	DF2	f	DF	RML	saline	0	-14	0	#999999	1	1
D	DR-000	DF3	f	DF	RML	saline	0	-14	0	#999999	1	1
D	DR-000	DF4	f	DF	RML	saline	0	-14	0	#999999	1	1
D	DR-030	DG1	f	DG	RML	active ASO 1	30	-14	30	#FBB4B9	1	2
D	DR-030	DG2	f	DG	RML	active ASO 1	30	-14	30	#FBB4B9	1	2
D	DR-030	DG3	f	DG	RML	active ASO 1	30	-14	30	#FBB4B9	1	2
D	DR-030	DG4	f	DG	RML	active ASO 1	30	-14	30	#FBB4B9	1	2
D	DR-100	DH1	f	DH	RML	active ASO 1	100	-14	100	#F768A1	1	3
D	DR-100	DH2	f	DH	RML	active ASO 1	100	-14	100	#F768A1	1	3
D	DR-100	DH3	f	DH	RML	active ASO 1	100	-14	100	#F768A1	1	3
D	DR-100	DH4	f	DH	RML	active ASO 1	100	-14	100	#F768A1	1	3
D	DR-300	DI1	f	DI	RML	active ASO 1	300	-14	300	#C51B9A	1	4
D	DR-300	DI2	f	DI	RML	active ASO 1	300	-14	300	#C51B9A	1	4
D	DR-300	DI3	f	DI	RML	active ASO 1	300	-14	300	#C51B9A	1	4
D	DR-300	DI4	f	DI	RML	active ASO 1	300	-14	300	#C51B9A	1	4
D	DR-500	DJ1	f	DJ	RML	active ASO 1	500	-14	500	#7A0177	1	5
D	DR-500	DJ2	f	DJ	RML	active ASO 1	500	-14	500	#7A0177	1	5
D	DR-500	DJ3	f	DJ	RML	active ASO 1	500	-14	500	#7A0177	1	5
D	DR-500	DJ4	f	DJ	RML	active ASO 1	500	-14	500	#7A0177	1	5
T	T-PRE7-PBS	TG1	f	TG	RML	saline	NA	-7	saline	#7C7C7C	1	-7
T	T-PRE7-PBS	TG2	f	TG	RML	saline	NA	-7	saline	#7C7C7C	1	-7
T	T-PRE7-PBS	TG3	f	TG	RML	saline	NA	-7	saline	#7C7C7C	1	-7
T	T-PRE7-PBS	TG4	f	TG	RML	saline	NA	-7	saline	#7C7C7C	1	-7
T	T-PRE7-ACTIVE6	TI1	f	TI	RML	active ASO 6	500	-7	active ASO 6	#41B6C4	1	-7
T	T-PRE7-ACTIVE6	TI2	f	TI	RML	active ASO 6	500	NA	active ASO 6	#41B6C4	1	-7
T	T-PRE7-ACTIVE6	TI3	f	TI	RML	active ASO 6	500	-7	active ASO 6	#41B6C4	1	-7
T	T-PRE7-ACTIVE6	TI4	f	TI	RML	active ASO 6	500	-7	active ASO 6	#41B6C4	1	-7
T	T-PRE7-PBS	TJ1	f	TJ	RML	saline	NA	-7	saline	#7C7C7C	1	-7
T	T-PRE7-PBS	TJ2	f	TJ	RML	saline	NA	-7	saline	#7C7C7C	1	-7
T	T-PRE7-PBS	TJ3	f	TJ	RML	saline	NA	-7	saline	#7C7C7C	1	-7
T	T-PRE7-PBS	TJ4	f	TJ	RML	saline	NA	-7	saline	#7C7C7C	1	-7
T	T-PRE7-ACTIVE6	TK1	f	TK	RML	active ASO 6	500	-7	active ASO 6	#41B6C4	1	-7
T	T-PRE7-ACTIVE6	TK2	f	TK	RML	active ASO 6	500	-7	active ASO 6	#41B6C4	1	-7
T	T-PRE7-ACTIVE6	TK3	f	TK	RML	active ASO 6	500	-7	active ASO 6	#41B6C4	1	-7
T	T-PRE7-ACTIVE6	TK4	f	TK	RML	active ASO 6	500	-7	active ASO 6	#41B6C4	1	-7
T	T-1DPI-PBS	TL1	f	TL	RML	saline	NA	1	saline	#7C7C7C	1	1
T	T-1DPI-PBS	TL2	f	TL	RML	saline	NA	1	saline	#7C7C7C	1	1
T	T-1DPI-PBS	TL3	f	TL	RML	saline	NA	1	saline	#7C7C7C	1	1
T	T-1DPI-PBS	TL4	f	TL	RML	saline	NA	1	saline	#7C7C7C	1	1
T	T-1DPI-ACTIVE6	TM1	f	TM	RML	active ASO 6	500	1	active ASO 6	#41B6C4	1	1
T	T-1DPI-ACTIVE6	TM2	f	TM	RML	active ASO 6	500	1	active ASO 6	#41B6C4	1	1
T	T-1DPI-ACTIVE6	TM3	f	TM	RML	active ASO 6	500	1	active ASO 6	#41B6C4	1	1
T	T-1DPI-ACTIVE6	TM4	f	TM	RML	active ASO 6	500	1	active ASO 6	#41B6C4	1	1
T	T-1DPI-PBS	TN1	f	TN	RML	saline	NA	1	saline	#7C7C7C	1	1
T	T-1DPI-PBS	TN2	f	TN	RML	saline	NA	1	saline	#7C7C7C	1	1
T	T-1DPI-PBS	TN3	f	TN	RML	saline	NA	1	saline	#7C7C7C	1	1
T	T-1DPI-PBS	TN4	f	TN	RML	saline	NA	1	saline	#7C7C7C	1	1
T	T-1DPI-ACTIVE6	TO1	f	TO	RML	active ASO 6	500	1	active ASO 6	#41B6C4	1	1
T	T-1DPI-ACTIVE6	TO2	f	TO	RML	active ASO 6	500	1	active ASO 6	#41B6C4	1	1
T	T-1DPI-ACTIVE6	TO3	f	TO	RML	active ASO 6	500	1	active ASO 6	#41B6C4	1	1
T	T-1DPI-ACTIVE6	TO4	f	TO	RML	active ASO 6	500	1	active ASO 6	#41B6C4	1	1
T	T-105DPI-PBS	TP1	f	TP	RML	saline	NA	105	saline	#7C7C7C	1	105
T	T-105DPI-PBS	TP2	f	TP	RML	saline	NA	105	saline	#7C7C7C	1	105
T	T-105DPI-PBS	TP3	f	TP	RML	saline	NA	105	saline	#7C7C7C	1	105
T	T-105DPI-PBS	TP4	f	TP	RML	saline	NA	105	saline	#7C7C7C	1	105
T	T-105DPI-ACTIVE6	TQ1	f	TQ	RML	active ASO 6	500	105	active ASO 6	#41B6C4	1	105
T	T-105DPI-ACTIVE6	TQ2	f	TQ	RML	active ASO 6	500	105	active ASO 6	#41B6C4	1	105
T	T-105DPI-ACTIVE6	TQ3	f	TQ	RML	active ASO 6	500	105	active ASO 6	#41B6C4	1	105
T	T-105DPI-ACTIVE6	TQ4	f	TQ	RML	active ASO 6	500	105	active ASO 6	#41B6C4	1	105
T	T-105DPI-PBS	TR1	f	TR	RML	saline	NA	105	saline	#7C7C7C	1	105
T	T-105DPI-PBS	TR2	f	TR	RML	saline	NA	105	saline	#7C7C7C	1	105
T	T-105DPI-PBS	TR3	f	TR	RML	saline	NA	105	saline	#7C7C7C	1	105
T	T-105DPI-PBS	TR4	f	TR	RML	saline	NA	105	saline	#7C7C7C	1	105
T	T-105DPI-ACTIVE6	TS1	f	TS	RML	active ASO 6	500	105	active ASO 6	#41B6C4	1	105
T	T-105DPI-ACTIVE6	TS2	f	TS	RML	active ASO 6	500	105	active ASO 6	#41B6C4	1	105
T	T-105DPI-ACTIVE6	TS3	f	TS	RML	active ASO 6	500	105	active ASO 6	#41B6C4	1	105
T	T-105DPI-ACTIVE6	TS4	f	TS	RML	active ASO 6	500	105	active ASO 6	#41B6C4	1	105
T	T-120DPI-PBS	TT1	f	TT	RML	saline	NA	120	saline	#7C7C7C	1	120
T	T-120DPI-PBS	TT2	f	TT	RML	saline	NA	120	saline	#7C7C7C	1	120
T	T-120DPI-PBS	TT3	f	TT	RML	saline	NA	120	saline	#7C7C7C	1	120
T	T-120DPI-PBS	TT4	f	TT	RML	saline	NA	120	saline	#7C7C7C	1	120
T	T-120DPI-ACTIVE6	TU1	f	TU	RML	active ASO 6	500	120	active ASO 6	#41B6C4	1	120
T	T-120DPI-ACTIVE6	TU2	f	TU	RML	active ASO 6	500	120	active ASO 6	#41B6C4	1	120
T	T-120DPI-ACTIVE6	TU3	f	TU	RML	active ASO 6	500	120	active ASO 6	#41B6C4	1	120
T	T-120DPI-ACTIVE6	TU4	f	TU	RML	active ASO 6	500	120	active ASO 6	#41B6C4	1	120
T	T-120DPI-PBS	TV1	f	TV	RML	saline	NA	120	saline	#7C7C7C	1	120
T	T-120DPI-PBS	TV2	f	TV	RML	saline	NA	120	saline	#7C7C7C	1	120
T	T-120DPI-PBS	TV3	f	TV	RML	saline	NA	120	saline	#7C7C7C	1	120
T	T-120DPI-PBS	TV4	f	TV	RML	saline	NA	120	saline	#7C7C7C	1	120
T	T-120DPI-ACTIVE6	TW1	f	TW	RML	active ASO 6	500	120	active ASO 6	#41B6C4	1	120
T	T-120DPI-ACTIVE6	TW2	f	TW	RML	active ASO 6	500	120	active ASO 6	#41B6C4	1	120
T	T-120DPI-ACTIVE6	TW3	f	TW	RML	active ASO 6	500	120	active ASO 6	#41B6C4	1	120
T	T-120DPI-ACTIVE6	TW4	f	TW	RML	active ASO 6	500	120	active ASO 6	#41B6C4	1	120
T		TX1	f	TX	RML	no treatment	NA	NA			NA	NA
T	T-78DPI-PBS	TX2	f	TX	RML	saline	NA	78	saline	#7C7C7C	1	78
T	T-78DPI-PBS	TX3	f	TX	RML	saline	NA	78	saline	#7C7C7C	1	78
T	T-78DPI-PBS	TX4	f	TX	RML	saline	NA	78	saline	#7C7C7C	1	78
T	T-78DPI-ACTIVE6	TY1	f	TY	RML	active ASO 6	500	78	active ASO 6	#41B6C4	1	78
T	T-78DPI-ACTIVE6	TY2	f	TY	RML	active ASO 6	500	78	active ASO 6	#41B6C4	1	78
T	T-78DPI-ACTIVE6	TY3	f	TY	RML	active ASO 6	500	78	active ASO 6	#41B6C4	1	78
T	T-78DPI-ACTIVE6	TY4	f	TY	RML	active ASO 6	500	78	active ASO 6	#41B6C4	1	78
T	T-78DPI-PBS	TZ1	f	TZ	RML	saline	NA	78	saline	#7C7C7C	1	78
T	T-78DPI-PBS	TZ2	f	TZ	RML	saline	NA	78	saline	#7C7C7C	1	78
T	T-78DPI-PBS	TZ3	f	TZ	RML	saline	NA	78	saline	#7C7C7C	1	78
T	T-78DPI-PBS	TZ4	f	TZ	RML	saline	NA	78	saline	#7C7C7C	1	78
T	T-78DPI-ACTIVE6	TAA1	f	TAA	RML	active ASO 6	500	78	active ASO 6	#41B6C4	1	78
T	T-78DPI-ACTIVE6	TAA2	f	TAA	RML	active ASO 6	500	78	active ASO 6	#41B6C4	1	78
T	T-78DPI-ACTIVE6	TAA3	f	TAA	RML	active ASO 6	500	78	active ASO 6	#41B6C4	1	78
T	T-78DPI-ACTIVE6	TAA4	f	TAA	RML	active ASO 6	500	78	active ASO 6	#41B6C4	1	78
T	T-54DPI-PBS	TAB1	f	TAB	RML	saline	NA	54	saline	#7C7C7C	1	54
T	T-54DPI-PBS	TAB2	f	TAB	RML	saline	NA	54	saline	#7C7C7C	1	54
T	T-54DPI-PBS	TAB3	f	TAB	RML	saline	NA	54	saline	#7C7C7C	1	54
T	T-54DPI-PBS	TAB4	f	TAB	RML	saline	NA	54	saline	#7C7C7C	1	54
T	T-54DPI-ACTIVE6	TAC1	f	TAC	RML	active ASO 6	500	54	active ASO 6	#41B6C4	1	54
T	T-54DPI-ACTIVE6	TAC2	f	TAC	RML	active ASO 6	500	54	active ASO 6	#41B6C4	1	54
T	T-54DPI-ACTIVE6	TAC3	f	TAC	RML	active ASO 6	500	54	active ASO 6	#41B6C4	1	54
T	T-54DPI-ACTIVE6	TAC4	f	TAC	RML	active ASO 6	500	54	active ASO 6	#41B6C4	1	54
T	T-54DPI-PBS	TAD1	f	TAD	RML	saline	NA	54	saline	#7C7C7C	1	54
T	T-54DPI-PBS	TAD2	f	TAD	RML	saline	NA	54	saline	#7C7C7C	1	54
T	T-54DPI-PBS	TAD3	f	TAD	RML	saline	NA	54	saline	#7C7C7C	1	54
T	T-54DPI-PBS	TAD4	f	TAD	RML	saline	NA	54	saline	#7C7C7C	1	54
T	T-54DPI-ACTIVE6	TAE1	f	TAE	RML	active ASO 6	500	54	active ASO 6	#41B6C4	1	54
T	T-54DPI-ACTIVE6	TAE2	f	TAE	RML	active ASO 6	500	54	active ASO 6	#41B6C4	1	54
T	T-54DPI-ACTIVE6	TAE3	f	TAE	RML	active ASO 6	500	54	active ASO 6	#41B6C4	1	54
T	T-54DPI-ACTIVE6	TAE4	f	TAE	RML	active ASO 6	500	54	active ASO 6	#41B6C4	1	54
T	T-28DPI-PBS	TAF1	f	TAF	RML	no treatment	NA	NA	saline	#7C7C7C	1	28
T	T-28DPI-PBS	TAF2	f	TAF	RML	saline	NA	28	saline	#7C7C7C	1	28
T	T-28DPI-PBS	TAF3	f	TAF	RML	no treatment	NA	NA	saline	#7C7C7C	1	28
T	T-28DPI-PBS	TAF4	f	TAF	RML	saline	NA	28	saline	#7C7C7C	1	28
T	T-28DPI-ACTIVE6	TAG1	f	TAG	RML	no treatment	NA	NA	active ASO 6	#41B6C4	1	28
T	T-28DPI-ACTIVE6	TAG2	f	TAG	RML	active ASO 6	500	28	active ASO 6	#41B6C4	1	28
T	T-28DPI-ACTIVE6	TAG3	f	TAG	RML	active ASO 6	500	28	active ASO 6	#41B6C4	1	28
T	T-28DPI-ACTIVE6	TAG4	f	TAG	RML	active ASO 6	500	28	active ASO 6	#41B6C4	1	28
T	T-28DPI-PBS	TAH1	f	TAH	RML	saline	NA	28	saline	#7C7C7C	1	28
T	T-28DPI-PBS	TAH2	f	TAH	RML	saline	NA	28	saline	#7C7C7C	1	28
T	T-28DPI-PBS	TAH3	f	TAH	RML	saline	NA	28	saline	#7C7C7C	1	28
T	T-28DPI-PBS	TAH4	f	TAH	RML	saline	NA	28	saline	#7C7C7C	1	28
T	T-28DPI-ACTIVE6	TAI1	f	TAI	RML	active ASO 6	500	28	active ASO 6	#41B6C4	1	28
T	T-28DPI-ACTIVE6	TAI2	f	TAI	RML	active ASO 6	500	28	active ASO 6	#41B6C4	1	28
T	T-28DPI-ACTIVE6	TAI3	f	TAI	RML	active ASO 6	500	28	active ASO 6	#41B6C4	1	28
T	T-28DPI-ACTIVE6	TAI4	f	TAI	RML	active ASO 6	500	28	active ASO 6	#41B6C4	1	28
S	S-OSU-PBS	SAY1	f	SAY	OSU	saline	0	-14	saline	#7C7C7C	1	5
S	S-OSU-PBS	SAY2	f	SAY	OSU	saline	0	-14	saline	#7C7C7C	1	5
S	S-OSU-PBS	SAY3	f	SAY	OSU	saline	0	-14	saline	#7C7C7C	1	5
S	S-OSU-PBS	SAY4	f	SAY	OSU	saline	0	-14	saline	#7C7C7C	1	5
S	S-OSU-ACTIVE1	SBY1	f	SBY	OSU	active ASO 1	500	-14	active ASO 1	#0909FF	1	5
S	S-OSU-ACTIVE1	SBY2	f	SBY	OSU	active ASO 1	500	-14	active ASO 1	#0909FF	1	5
S	S-OSU-ACTIVE1	SBY3	f	SBY	OSU	active ASO 1	500	-14	active ASO 1	#0909FF	1	5
S	S-OSU-ACTIVE1	SBY4	f	SBY	OSU	active ASO 1	500	-14	active ASO 1	#0909FF	1	5
S	S-OSU-PBS	SCY1	f	SCY	OSU	saline	0	-14	saline	#7C7C7C	1	5
S	S-OSU-PBS	SCY2	f	SCY	OSU	saline	0	-14	saline	#7C7C7C	1	5
S	S-OSU-PBS	SCY3	f	SCY	OSU	saline	0	-14	saline	#7C7C7C	1	5
S	S-OSU-PBS	SCY4	f	SCY	OSU	saline	0	-14	saline	#7C7C7C	1	5
S	S-OSU-ACTIVE1	SDY1	f	SDY	OSU	active ASO 1	500	-14	active ASO 1	#0909FF	1	5
S	S-OSU-ACTIVE1	SDY2	f	SDY	OSU	active ASO 1	500	-14	active ASO 1	#0909FF	1	5
S	S-OSU-ACTIVE1	SDY3	f	SDY	OSU	active ASO 1	500	-14	active ASO 1	#0909FF	1	5
S	S-OSU-ACTIVE1	SDY4	f	SDY	OSU	active ASO 1	500	NA	active ASO 1	#0909FF	1	5
S	S-22L-PBS	SEY1	f	SEY	22L	saline	0	-14	saline	#7C7C7C	1	2
S	S-22L-PBS	SEY2	f	SEY	22L	saline	0	-14	saline	#7C7C7C	1	2
S	S-22L-PBS	SEY3	f	SEY	22L	saline	0	-14	saline	#7C7C7C	1	2
S	S-22L-PBS	SEY4	f	SEY	22L	saline	0	-14	saline	#7C7C7C	1	2
S	S-22L-ACTIVE1	SFY1	f	SFY	22L	active ASO 1	500	-14	active ASO 1	#0909FF	1	2
S	S-22L-ACTIVE1	SFY2	f	SFY	22L	active ASO 1	500	-14	active ASO 1	#0909FF	1	2
S	S-22L-ACTIVE1	SFY3	f	SFY	22L	active ASO 1	500	-14	active ASO 1	#0909FF	1	2
S	S-22L-ACTIVE1	SFY4	f	SFY	22L	active ASO 1	500	-14	active ASO 1	#0909FF	1	2
S	S-22L-PBS	SGY1	f	SGY	22L	saline	0	-14	saline	#7C7C7C	1	2
S	S-22L-PBS	SGY2	f	SGY	22L	saline	0	-14	saline	#7C7C7C	1	2
S	S-22L-PBS	SGY3	f	SGY	22L	saline	0	-14	saline	#7C7C7C	1	2
S	S-22L-PBS	SGY4	f	SGY	22L	saline	0	-14	saline	#7C7C7C	1	2
S	S-22L-ACTIVE1	SHY1	f	SHY	22L	active ASO 1	500	-14	active ASO 1	#0909FF	1	2
S	S-22L-ACTIVE1	SHY2	f	SHY	22L	active ASO 1	500	-14	active ASO 1	#0909FF	1	2
S	S-22L-ACTIVE1	SHY3	f	SHY	22L	active ASO 1	500	-14	active ASO 1	#0909FF	1	2
S	S-22L-ACTIVE1	SHY4	f	SHY	22L	active ASO 1	500	-14	active ASO 1	#0909FF	1	2
S	S-RML-PBS	SIY1	f	SIY	RML	saline	0	-14	saline	#7C7C7C	1	1
S	S-RML-PBS	SIY2	f	SIY	RML	saline	0	-14	saline	#7C7C7C	1	1
S	S-RML-PBS	SIY3	f	SIY	RML	saline	0	-14	saline	#7C7C7C	1	1
S	S-RML-PBS	SIY4	f	SIY	RML	saline	0	-14	saline	#7C7C7C	1	1
S	S-RML-ACTIVE1	SJY1	f	SJY	RML	active ASO 1	500	-14	active ASO 1	#0909FF	1	1
S	S-RML-ACTIVE1	SJY2	f	SJY	RML	active ASO 1	500	-14	active ASO 1	#0909FF	1	1
S	S-RML-ACTIVE1	SJY3	f	SJY	RML	active ASO 1	500	-14	active ASO 1	#0909FF	1	1
S	S-RML-ACTIVE1	SJY4	f	SJY	RML	active ASO 1	500	-14	active ASO 1	#0909FF	1	1
S	S-ME7-PBS	SAZ1	f	SAZ	ME7	saline	0	-14	saline	#7C7C7C	1	4
S	S-ME7-PBS	SAZ2	f	SAZ	ME7	saline	0	-14	saline	#7C7C7C	1	4
S	S-ME7-PBS	SAZ3	f	SAZ	ME7	saline	0	-14	saline	#7C7C7C	1	4
S	S-ME7-PBS	SAZ4	f	SAZ	ME7	saline	0	-14	saline	#7C7C7C	1	4
S	S-ME7-ACTIVE1	SBZ1	f	SBZ	ME7	active ASO 1	500	-14	active ASO 1	#0909FF	1	4
S	S-ME7-ACTIVE1	SBZ2	f	SBZ	ME7	active ASO 1	500	-14	active ASO 1	#0909FF	1	4
S	S-ME7-ACTIVE1	SBZ3	f	SBZ	ME7	active ASO 1	500	-14	active ASO 1	#0909FF	1	4
S	S-ME7-ACTIVE1	SBZ4	f	SBZ	ME7	active ASO 1	500	-14	active ASO 1	#0909FF	1	4
S	S-ME7-PBS	SCZ1	f	SCZ	ME7	saline	0	-14	saline	#7C7C7C	1	4
S	S-ME7-PBS	SCZ2	f	SCZ	ME7	saline	0	-14	saline	#7C7C7C	1	4
S	S-ME7-PBS	SCZ3	f	SCZ	ME7	saline	0	-14	saline	#7C7C7C	1	4
S	S-ME7-PBS	SCZ4	f	SCZ	ME7	saline	0	-14	saline	#7C7C7C	1	4
S	S-ME7-ACTIVE1	SDZ1	f	SDZ	ME7	active ASO 1	500	-14	active ASO 1	#0909FF	1	4
S	S-ME7-ACTIVE1	SDZ2	f	SDZ	ME7	active ASO 1	500	-14	active ASO 1	#0909FF	1	4
S	S-ME7-ACTIVE1	SDZ3	f	SDZ	ME7	active ASO 1	500	-14	active ASO 1	#0909FF	1	4
S	S-ME7-ACTIVE1	SDZ4	f	SDZ	ME7	active ASO 1	500	-14	active ASO 1	#0909FF	1	4
S	S-Fu1-PBS	SEZ1	f	SEZ	Fukuoka-1	saline	0	-14	saline	#7C7C7C	1	3
S	S-Fu1-PBS	SEZ2	f	SEZ	Fukuoka-1	saline	0	-14	saline	#7C7C7C	1	3
S	S-Fu1-PBS	SEZ3	f	SEZ	Fukuoka-1	saline	0	-14	saline	#7C7C7C	1	3
S	S-Fu1-PBS	SEZ4	f	SEZ	Fukuoka-1	saline	0	-14	saline	#7C7C7C	1	3
S	S-Fu1-ACTIVE1	SFZ1	f	SFZ	Fukuoka-1	active ASO 1	500	-14	active ASO 1	#0909FF	1	3
S	S-Fu1-ACTIVE1	SFZ2	f	SFZ	Fukuoka-1	active ASO 1	500	-14	active ASO 1	#0909FF	1	3
S	S-Fu1-ACTIVE1	SFZ3	f	SFZ	Fukuoka-1	active ASO 1	500	-14	active ASO 1	#0909FF	1	3
S	S-Fu1-ACTIVE1	SFZ4	f	SFZ	Fukuoka-1	active ASO 1	500	-14	active ASO 1	#0909FF	1	3
S	S-Fu1-PBS	SGZ1	f	SGZ	Fukuoka-1	saline	0	-14	saline	#7C7C7C	1	3
S	S-Fu1-PBS	SGZ2	f	SGZ	Fukuoka-1	saline	0	-14	saline	#7C7C7C	1	3
S	S-Fu1-PBS	SGZ3	f	SGZ	Fukuoka-1	saline	0	-14	saline	#7C7C7C	1	3
S	S-Fu1-PBS	SGZ4	f	SGZ	Fukuoka-1	saline	0	-14	saline	#7C7C7C	1	3
S	S-Fu1-ACTIVE1	SHZ1	f	SHZ	Fukuoka-1	active ASO 1	500	-14	active ASO 1	#0909FF	1	3
S	S-Fu1-ACTIVE1	SHZ2	f	SHZ	Fukuoka-1	active ASO 1	500	-14	active ASO 1	#0909FF	1	3
S	S-Fu1-ACTIVE1	SHZ3	f	SHZ	Fukuoka-1	active ASO 1	500	-14	active ASO 1	#0909FF	1	3
S	S-Fu1-ACTIVE1	SHZ4	f	SHZ	Fukuoka-1	active ASO 1	500	-14	active ASO 1	#0909FF	1	3
S	S-RML-PBS	SIZ1	f	SIZ	RML	saline	0	-14	saline	#7C7C7C	1	1
S	S-RML-PBS	SIZ2	f	SIZ	RML	saline	0	-14	saline	#7C7C7C	1	1
S	S-RML-PBS	SIZ3	f	SIZ	RML	saline	0	-14	saline	#7C7C7C	1	1
S	S-RML-PBS	SIZ4	f	SIZ	RML	saline	0	-14	saline	#7C7C7C	1	1
S	S-RML-ACTIVE1	SJZ1	f	SJZ	RML	active ASO 1	500	-14	active ASO 1	#0909FF	1	1
S	S-RML-ACTIVE1	SJZ2	f	SJZ	RML	active ASO 1	500	-14	active ASO 1	#0909FF	1	1
S	S-RML-ACTIVE1	SJZ3	f	SJZ	RML	active ASO 1	500	-14	active ASO 1	#0909FF	1	1
S	S-RML-ACTIVE1	SJZ4	f	SJZ	RML	active ASO 1	500	-14	active ASO 1	#0909FF	1	1
M	M-PBS	MA1	f	MA	RML	saline	0	-15	saline	#7C7C7C	1	1
M	M-PBS	MA2	f	MA	RML	saline	0	-15	saline	#7C7C7C	1	1
M	M-PBS	MA3	f	MA	RML	saline	0	-15	saline	#7C7C7C	1	1
M	M-PBS	MA4	f	MA	RML	saline	0	-15	saline	#7C7C7C	1	1
M	M-CONTROL4	MB1	f	MB	RML	control ASO 4	500	-15	control ASO 4	#855E42	1	4
M	M-CONTROL4	MB2	f	MB	RML	control ASO 4	500	-15	control ASO 4	#855E42	1	4
M	M-CONTROL4	MB3	f	MB	RML	control ASO 4	500	-15	control ASO 4	#855E42	1	4
M	M-CONTROL4	MB4	f	MB	RML	control ASO 4	500	-15	control ASO 4	#855E42	1	4
M	M-ACTIVE5	MC1	f	MC	RML	active ASO 5	500	-15	active ASO 5	#C21FB8	1	2
M	M-ACTIVE5	MC2	f	MC	RML	active ASO 5	500	-15	active ASO 5	#C21FB8	1	2
M	M-ACTIVE5	MC3	f	MC	RML	active ASO 5	500	-15	active ASO 5	#C21FB8	1	2
M	M-ACTIVE5	MC4	f	MC	RML	active ASO 5	500	-15	active ASO 5	#C21FB8	1	2
M	M-ACTIVE6	MD1	f	MD	RML	active ASO 6	500	-15	active ASO 6	#41B6C4	1	3
M	M-ACTIVE6	MD2	f	MD	RML	active ASO 6	500	-15	active ASO 6	#41B6C4	1	3
M	M-ACTIVE6	MD3	f	MD	RML	active ASO 6	500	-15	active ASO 6	#41B6C4	1	3
M	M-ACTIVE6	MD4	f	MD	RML	active ASO 6	500	-15	active ASO 6	#41B6C4	1	3
M	M-PBS	ME1	f	ME	RML	saline	0	-15	saline	#7C7C7C	1	1
M	M-PBS	ME2	f	ME	RML	saline	0	-15	saline	#7C7C7C	1	1
M	M-PBS	ME3	f	ME	RML	saline	0	-15	saline	#7C7C7C	1	1
M	M-PBS	ME4	f	ME	RML	saline	0	-15	saline	#7C7C7C	1	1
M	M-CONTROL4	MF1	f	MF	RML	control ASO 4	500	-15	control ASO 4	#855E42	1	4
M	M-CONTROL4	MF2	f	MF	RML	control ASO 4	500	-15	control ASO 4	#855E42	1	4
M	M-CONTROL4	MF3	f	MF	RML	control ASO 4	500	-15	control ASO 4	#855E42	1	4
M	M-CONTROL4	MF4	f	MF	RML	control ASO 4	500	-15	control ASO 4	#855E42	1	4
M	M-ACTIVE5	MG1	f	MG	RML	active ASO 5	500	-15	active ASO 5	#C21FB8	1	2
M	M-ACTIVE5	MG2	f	MG	RML	active ASO 5	500	-15	active ASO 5	#C21FB8	1	2
M	M-ACTIVE5	MG3	f	MG	RML	active ASO 5	500	-15	active ASO 5	#C21FB8	1	2
M	M-ACTIVE5	MG4	f	MG	RML	active ASO 5	500	-15	active ASO 5	#C21FB8	1	2
M	M-ACTIVE6	MH1	f	MH	RML	active ASO 6	500	-15	active ASO 6	#41B6C4	1	3
M	M-ACTIVE6	MH2	f	MH	RML	active ASO 6	500	-15	active ASO 6	#41B6C4	1	3
M	M-ACTIVE6	MH3	f	MH	RML	active ASO 6	500	-15	active ASO 6	#41B6C4	1	3
M	M-ACTIVE6	MH4	f	MH	RML	active ASO 6	500	-15	active ASO 6	#41B6C4	1	3
M	M-PBS	MI1	f	MI	RML	saline	0	-15	saline	#7C7C7C	1	1
M	M-PBS	MI2	f	MI	RML	saline	0	-15	saline	#7C7C7C	1	1
M	M-CONTROL4	MI3	f	MI	RML	control ASO 4	500	-15	control ASO 4	#855E42	1	4
M	M-CONTROL4	MI4	f	MI	RML	control ASO 4	500	-15	control ASO 4	#855E42	1	4
M	M-ACTIVE5	MJ1	f	MJ	RML	active ASO 5	500	-15	active ASO 5	#C21FB8	1	2
M	M-ACTIVE5	MJ2	f	MJ	RML	active ASO 5	500	-15	active ASO 5	#C21FB8	1	2
M	M-ACTIVE6	MJ3	f	MJ	RML	active ASO 6	500	-15	active ASO 6	#41B6C4	1	3
M	M-ACTIVE6	MJ4	f	MJ	RML	active ASO 6	500	-15	active ASO 6	#41B6C4	1	3
G	G-OSU-ZH3	GA1	m	GA	OSU	no treatment	NA	NA	OSU	#E66101	1	5
G	G-OSU-ZH3	GA2	m	GA	OSU	no treatment	NA	NA	OSU	#E66101	1	5
G	G-OSU-ZH3	GA3	m	GA	OSU	no treatment	NA	NA	OSU	#E66101	1	5
G	G-OSU-ZH3	GB1	f	GB	OSU	no treatment	NA	NA	OSU	#E66101	1	5
G	G-OSU-ZH3	GB2	f	GB	OSU	no treatment	NA	NA	OSU	#E66101	1	5
G	G-OSU-ZH3	GB3	f	GB	OSU	no treatment	NA	NA	OSU	#E66101	1	5
G	G-OSU-ZH3	GB4	f	GB	OSU	no treatment	NA	NA	OSU	#E66101	1	5
G	G-OSU-ZH3	GB5	f	GB	OSU	no treatment	NA	NA	OSU	#E66101	1	5
G	G-22L-ZH3	GC1	m	GC	22L	no treatment	NA	NA	22L	#E66101	1	2
G	G-22L-ZH3	GC2	m	GC	22L	no treatment	NA	NA	22L	#E66101	1	2
G	G-22L-ZH3	GC3	m	GC	22L	no treatment	NA	NA	22L	#E66101	1	2
G	G-22L-ZH3	GC4	m	GC	22L	no treatment	NA	NA	22L	#E66101	1	2
G	G-22L-ZH3	GD1	f	GD	22L	no treatment	NA	NA	22L	#E66101	1	2
G	G-22L-ZH3	GD2	f	GD	22L	no treatment	NA	NA	22L	#E66101	1	2
G	G-22L-ZH3	GD3	f	GD	22L	no treatment	NA	NA	22L	#E66101	1	2
G	G-22L-ZH3	GD4	f	GD	22L	no treatment	NA	NA	22L	#E66101	1	2
G	G-RML-ZH3	GE1	m	GE	RML	no treatment	NA	NA	RML	#E66101	1	1
G	G-RML-ZH3	GE2	m	GE	RML	no treatment	NA	NA	RML	#E66101	1	1
G	G-RML-ZH3	GF1	m	GF	RML	no treatment	NA	NA	RML	#E66101	1	1
G	G-RML-ZH3	GF2	m	GF	RML	no treatment	NA	NA	RML	#E66101	1	1
G	G-RML-ZH3	GG1	m	GG	RML	no treatment	NA	NA	RML	#E66101	1	1
G	G-RML-ZH3	GG2	m	GG	RML	no treatment	NA	NA	RML	#E66101	1	1
G	G-RML-ZH3	GG3	m	GG	RML	no treatment	NA	NA	RML	#E66101	1	1
G	G-ME7-ZH3	GH1	f	GH	ME7	no treatment	NA	NA	ME7	#E66101	1	4
G	G-ME7-ZH3	GH2	f	GH	ME7	no treatment	NA	NA	ME7	#E66101	1	4
G	G-ME7-ZH3	GH3	f	GH	ME7	no treatment	NA	NA	ME7	#E66101	1	4
G	G-ME7-ZH3	GH4	f	GH	ME7	no treatment	NA	NA	ME7	#E66101	1	4
G	G-ME7-ZH3	GI1	m	GI	ME7	no treatment	NA	NA	ME7	#E66101	1	4
G	G-ME7-ZH3	GI2	m	GI	ME7	no treatment	NA	NA	ME7	#E66101	1	4
G	G-ME7-ZH3	GI3	m	GI	ME7	no treatment	NA	NA	ME7	#E66101	1	4
G	G-ME7-ZH3	GI4	m	GI	ME7	no treatment	NA	NA	ME7	#E66101	1	4
G	G-Fu1-ZH3	GJ1	m	GJ	Fukuoka-1	no treatment	NA	NA	Fukuoka-1	#E66101	1	3
G	G-Fu1-ZH3	GJ2	m	GJ	Fukuoka-1	no treatment	NA	NA	Fukuoka-1	#E66101	1	3
G	G-Fu1-ZH3	GJ3	m	GJ	Fukuoka-1	no treatment	NA	NA	Fukuoka-1	#E66101	1	3
G	G-Fu1-ZH3	GK1	f	GK	Fukuoka-1	no treatment	NA	NA	Fukuoka-1	#E66101	1	3
G	G-Fu1-ZH3	GK2	f	GK	Fukuoka-1	no treatment	NA	NA	Fukuoka-1	#E66101	1	3
G	G-Fu1-ZH3	GK3	f	GK	Fukuoka-1	no treatment	NA	NA	Fukuoka-1	#E66101	1	3
G	G-Fu1-ZH3	GK4	f	GK	Fukuoka-1	no treatment	NA	NA	Fukuoka-1	#E66101	1	3
G	G-Fu1-ZH3	GK5	f	GK	Fukuoka-1	no treatment	NA	NA	Fukuoka-1	#E66101	1	3
G	G-OSU-WT	GL1	m	GL	OSU	no treatment	NA	NA	OSU	#000000	1	5
G	G-OSU-WT	GL2	m	GL	OSU	no treatment	NA	NA	OSU	#000000	1	5
G	G-OSU-WT	GL3	m	GL	OSU	no treatment	NA	NA	OSU	#000000	1	5
G	G-OSU-WT	GL4	m	GL	OSU	no treatment	NA	NA	OSU	#000000	1	5
G	G-OSU-WT	GM1	f	GM	OSU	no treatment	NA	NA	OSU	#000000	1	5
G	G-OSU-WT	GM2	f	GM	OSU	no treatment	NA	NA	OSU	#000000	1	5
G	G-OSU-WT	GM3	f	GM	OSU	no treatment	NA	NA	OSU	#000000	1	5
G	G-OSU-WT	GM4	f	GM	OSU	no treatment	NA	NA	OSU	#000000	1	5
G	G-22L-WT	GN1	m	GN	22L	no treatment	NA	NA	22L	#000000	1	2
G	G-22L-WT	GN2	m	GN	22L	no treatment	NA	NA	22L	#000000	1	2
G	G-22L-WT	GN3	m	GN	22L	no treatment	NA	NA	22L	#000000	1	2
G	G-22L-WT	GN4	m	GN	22L	no treatment	NA	NA	22L	#000000	1	2
G	G-22L-WT	GO1	f	GO	22L	no treatment	NA	NA	22L	#000000	1	2
G	G-22L-WT	GO2	f	GO	22L	no treatment	NA	NA	22L	#000000	1	2
G	G-22L-WT	GO3	f	GO	22L	no treatment	NA	NA	22L	#000000	1	2
G	G-22L-WT	GO4	f	GO	22L	no treatment	NA	NA	22L	#000000	1	2
G	G-RML-WT	GP1	m	GP	RML	no treatment	NA	NA	RML	#000000	1	1
G	G-RML-WT	GP2	m	GP	RML	no treatment	NA	NA	RML	#000000	1	1
G	G-RML-WT	GP3	m	GP	RML	no treatment	NA	NA	RML	#000000	1	1
G	G-RML-WT	GP4	m	GP	RML	no treatment	NA	NA	RML	#000000	1	1
G	G-RML-WT	GQ1	f	GQ	RML	no treatment	NA	NA	RML	#000000	1	1
G	G-RML-WT	GQ2	f	GQ	RML	no treatment	NA	NA	RML	#000000	1	1
G	G-RML-WT	GQ3	f	GQ	RML	no treatment	NA	NA	RML	#000000	1	1
G	G-RML-WT	GQ4	f	GQ	RML	no treatment	NA	NA	RML	#000000	1	1
G	G-ME7-WT	GR1	m	GR	ME7	no treatment	NA	NA	ME7	#000000	1	4
G	G-ME7-WT	GR2	m	GR	ME7	no treatment	NA	NA	ME7	#000000	1	4
G	G-ME7-WT	GR3	m	GR	ME7	no treatment	NA	NA	ME7	#000000	1	4
G	G-ME7-WT	GR4	m	GR	ME7	no treatment	NA	NA	ME7	#000000	1	4
G	G-ME7-WT	GS1	f	GS	ME7	no treatment	NA	NA	ME7	#000000	1	4
G	G-ME7-WT	GS2	f	GS	ME7	no treatment	NA	NA	ME7	#000000	1	4
G	G-ME7-WT	GS3	f	GS	ME7	no treatment	NA	NA	ME7	#000000	1	4
G	G-ME7-WT	GS4	f	GS	ME7	no treatment	NA	NA	ME7	#000000	1	4
G	G-Fu1-WT	GT1	m	GT	Fukuoka-1	no treatment	NA	NA	Fukuoka-1	#000000	1	3
G	G-Fu1-WT	GT2	m	GT	Fukuoka-1	no treatment	NA	NA	Fukuoka-1	#000000	1	3
G	G-Fu1-WT	GT3	m	GT	Fukuoka-1	no treatment	NA	NA	Fukuoka-1	#000000	1	3
G	G-Fu1-WT	GT4	m	GT	Fukuoka-1	no treatment	NA	NA	Fukuoka-1	#000000	1	3
G	G-Fu1-WT	GU1	f	GU	Fukuoka-1	no treatment	NA	NA	Fukuoka-1	#000000	1	3
G	G-Fu1-WT	GU2	f	GU	Fukuoka-1	no treatment	NA	NA	Fukuoka-1	#000000	1	3
G	G-Fu1-WT	GU3	f	GU	Fukuoka-1	no treatment	NA	NA	Fukuoka-1	#000000	1	3
G	G-Fu1-WT	GU4	f	GU	Fukuoka-1	no treatment	NA	NA	Fukuoka-1	#000000	1	3
P	d120-MOE-PBS	PA1	f	PA	RML	saline	0	119	saline	#7C7C7C	1	1
P	d120-MOE-PBS	PA2	f	PA	RML	saline	0	119	saline	#7C7C7C	1	1
P	d120-MOE-PBS	PA3	f	PA	RML	saline	0	119	saline	#7C7C7C	1	1
P	d120-MOE-PBS	PA4	f	PA	RML	saline	0	119	saline	#7C7C7C	1	1
P	path-RML	PB1	f	PB	RML	no treatment	0	NA			NA	NA
P	d120-MOE-sack	PB2	f	PB	RML	no treatment	0	NA			NA	NA
P	d120-MOE-sack	PB3	f	PB	RML	no treatment	0	NA			NA	NA
P	d120-MOE-sack	PB4	f	PB	RML	no treatment	0	NA			NA	NA
P	d120-MOE-CONTROL4	PC1	f	PC	RML	control ASO 4	500	120	control ASO 4	#855E42	1	4
P	d120-MOE-CONTROL4	PC2	f	PC	RML	control ASO 4	500	120	control ASO 4	#855E42	1	4
P	d120-MOE-CONTROL4	PC3	f	PC	RML	control ASO 4	500	120	control ASO 4	#855E42	1	4
P	d120-MOE-CONTROL4	PC4	f	PC	RML	control ASO 4	500	120	control ASO 4	#855E42	1	4
P	d120-MOE-ACTIVE5	PD1	f	PD	RML	active ASO 5	500	120	active ASO 5	#C21FB8	1	2
P	d120-MOE-ACTIVE5	PD2	f	PD	RML	active ASO 5	500	120	active ASO 5	#C21FB8	1	2
P	d120-MOE-ACTIVE5	PD3	f	PK	RML	active ASO 5	500	120	active ASO 5	#C21FB8	1	2
P	d120-MOE-ACTIVE5	PD4	f	PD	RML	active ASO 5	500	120	active ASO 5	#C21FB8	1	2
P	d120-MOE-ACTIVE6	PE1	f	PE	RML	active ASO 6	500	119	active ASO 6	#41B6C4	1	3
P	d120-MOE-ACTIVE6	PE2	f	PE	RML	active ASO 6	500	119	active ASO 6	#41B6C4	1	3
P	d120-MOE-ACTIVE6	PE3	f	PE	RML	active ASO 6	500	119	active ASO 6	#41B6C4	1	3
P	d120-MOE-ACTIVE6	PE4	f	PE	RML	active ASO 6	500	119	active ASO 6	#41B6C4	1	3
P	path-RML	PF1	f	PF	RML	no treatment	0	NA			NA	NA
P	path-RML	PF2	f	PF	RML	no treatment	0	NA			NA	NA
P	path-RML	PF3	f	PF	RML	no treatment	0	NA			NA	NA
P	path-RML	PF4	f	PF	RML	no treatment	0	NA			NA	NA
P	d120-MOE-PBS	PG1	f	PG	RML	saline	500	119	saline	#7C7C7C	1	1
P	d120-MOE-PBS	PG2	f	PG	RML	saline	500	119	saline	#7C7C7C	1	1
P	d120-MOE-CONTROL4	PG3	f	PG	RML	control ASO 4	500	120	control ASO 4	#855E42	1	4
P	d120-MOE-CONTROL4	PG4	f	PG	RML	control ASO 4	500	120	control ASO 4	#855E42	1	4
P	d120-MOE-ACTIVE5	PH1	f	PH	RML	active ASO 5	500	120	active ASO 5	#C21FB8	1	2
P	d120-MOE-ACTIVE5	PH2	f	PH	RML	active ASO 5	500	120	active ASO 5	#C21FB8	1	2
P	d120-MOE-ACTIVE6	PH3	f	PH	RML	active ASO 6	500	119	active ASO 6	#41B6C4	1	3
P	d120-MOE-ACTIVE6	PH4	f	PH	RML	active ASO 6	500	119	active ASO 6	#41B6C4	1	3
P	d120-MOE-PBS	PI1	f	PI	RML	saline	0	119	saline	#7C7C7C	1	1
P	d120-MOE-PBS	PI2	f	PI	RML	saline	0	119	saline	#7C7C7C	1	1
P	d120-MOE-PBS	PI3	f	PI	RML	saline	0	119	saline	#7C7C7C	1	1
P	d120-MOE-PBS	PI4	f	PI	RML	saline	0	119	saline	#7C7C7C	1	1
P	d120-MOE-CONTROL4	PJ1	f	PJ	RML	control ASO 4	500	120	control ASO 4	#855E42	1	4
P	d120-MOE-CONTROL4	PJ2	f	PJ	RML	control ASO 4	500	120	control ASO 4	#855E42	1	4
P	d120-MOE-CONTROL4	PJ3	f	PJ	RML	control ASO 4	500	120	control ASO 4	#855E42	1	4
P	d120-MOE-CONTROL4	PJ4	f	PJ	RML	control ASO 4	500	120	control ASO 4	#855E42	1	4
P	d120-MOE-ACTIVE5	PK1	f	PK	RML	active ASO 5	500	120	active ASO 5	#C21FB8	1	2
P	d120-MOE-ACTIVE5	PK2	f	PK	RML	active ASO 5	500	120	active ASO 5	#C21FB8	1	2
P	d120-MOE-ACTIVE5	PK3	f	PK	RML	active ASO 5	500	120	active ASO 5	#C21FB8	1	2
P	d120-MOE-ACTIVE5	PK4	f	PK	RML	active ASO 5	500	120	active ASO 5	#C21FB8	1	2
P	d120-MOE-ACTIVE6	PL1	f	PL	RML	active ASO 6	500	119	active ASO 6	#41B6C4	1	3
P	d120-MOE-ACTIVE6	PL2	f	PL	RML	active ASO 6	500	119	active ASO 6	#41B6C4	1	3
P	d120-MOE-ACTIVE6	PL3	f	PL	RML	active ASO 6	500	119	active ASO 6	#41B6C4	1	3
P	d120-MOE-ACTIVE6	PL4	f	PL	RML	active ASO 6	500	119	active ASO 6	#41B6C4	1	3
R	R-PBS	RA1	f	RA	RML[ASO]	saline	0	-14	saline	#7C7C7C	1	6
R	R-PBS	RA2	f	RA	RML[ASO]	saline	0	-14	saline	#7C7C7C	1	6
R	R-PBS	RA3	f	RA	RML[ASO]	saline	0	-14	saline	#7C7C7C	1	6
R	R-PBS	RA4	f	RA	RML[ASO]	saline	0	-14	saline	#7C7C7C	1	6
R	R-ACTIVE1	RB1	f	RB	RML[ASO]	active ASO 1	500	-14	active ASO 1	#0909FF	1	6
R	R-ACTIVE1	RB2	f	RB	RML[ASO]	active ASO 1	500	-14	active ASO 1	#0909FF	1	6
R	R-ACTIVE1	RB3	f	RB	RML[ASO]	active ASO 1	500	-14	active ASO 1	#0909FF	1	6
R	R-ACTIVE1	RB4	f	RB	RML[ASO]	active ASO 1	500	-14	active ASO 1	#0909FF	1	6
R	R-PBS	RC1	f	RC	RML[ASO]	saline	0	-14	saline	#7C7C7C	1	6
R	R-PBS	RC2	f	RC	RML[ASO]	saline	0	-14	saline	#7C7C7C	1	6
R	R-PBS	RC3	f	RC	RML[ASO]	saline	0	-14	saline	#7C7C7C	1	6
R	R-PBS	RC4	f	RC	RML[ASO]	saline	0	-14	saline	#7C7C7C	1	6
R	R-ACTIVE1	RD1	f	RD	RML[ASO]	active ASO 1	500	-14	active ASO 1	#0909FF	1	6
R	R-ACTIVE1	RD2	f	RD	RML[ASO]	active ASO 1	500	-14	active ASO 1	#0909FF	1	6
R	R-ACTIVE1	RD3	f	RD	RML[ASO]	active ASO 1	500	-14	active ASO 1	#0909FF	1	6
R	R-ACTIVE1	RD4	f	RD	RML[ASO]	active ASO 1	500	-14	active ASO 1	#0909FF	1	6
Z	Z-22L-PBS	ZA1	f	ZA	22L	saline	0	127	22L	#7C7C7C	1	2
Z	Z-22L-PBS	ZA2	f	ZA	22L	saline	0	127	22L	#7C7C7C	1	2
Z	Z-22L-PBS	ZA3	f	ZA	22L	saline	0	127	22L	#7C7C7C	1	2
Z	Z-22L-PBS	ZA4	f	ZA	22L	saline	0	127	22L	#7C7C7C	1	2
Z	Z-22L-PBS	ZB1	f	ZB	22L	saline	0	127	22L	#7C7C7C	1	2
Z	Z-22L-PBS	ZB2	f	ZB	22L	saline	0	127	22L	#7C7C7C	1	2
Z	Z-22L-PBS	ZB3	f	ZB	22L	saline	0	127	22L	#7C7C7C	1	2
Z	Z-22L-PBS	ZB4	f	ZB	22L	saline	0	127	22L	#7C7C7C	1	2
Z	Z-22L-ACTIVE6	ZC1	f	ZC	22L	active ASO 6	500	127	22L	#41B6C4	1	2
Z	Z-22L-ACTIVE6	ZC2	f	ZC	22L	active ASO 6	500	NA	22L	#41B6C4	1	2
Z	Z-22L-ACTIVE6	ZC3	f	ZC	22L	active ASO 6	500	127	22L	#41B6C4	1	2
Z	Z-22L-ACTIVE6	ZC4	f	ZC	22L	active ASO 6	500	127	22L	#41B6C4	1	2
Z	Z-22L-ACTIVE6	ZD1	f	ZD	22L	active ASO 6	500	127	22L	#41B6C4	1	2
Z	Z-22L-ACTIVE6	ZD2	f	ZD	22L	active ASO 6	500	127	22L	#41B6C4	1	2
Z	Z-22L-ACTIVE6	ZD3	f	ZD	22L	active ASO 6	500	127	22L	#41B6C4	1	2
Z	Z-22L-ACTIVE6	ZD4	f	ZD	22L	active ASO 6	500	127	22L	#41B6C4	1	2
Z	Z-OSU-PBS	ZE1	f	ZE	OSU	saline	0	122	OSU	#7C7C7C	1	5
Z	Z-OSU-PBS	ZE2	f	ZE	OSU	saline	0	122	OSU	#7C7C7C	1	5
Z	Z-OSU-PBS	ZE3	f	ZE	OSU	saline	0	122	OSU	#7C7C7C	1	5
Z	Z-OSU-PBS	ZE4	f	ZE	OSU	saline	0	122	OSU	#7C7C7C	1	5
Z	Z-OSU-PBS	ZF1	f	ZF	OSU	saline	0	122	OSU	#7C7C7C	1	5
Z	Z-OSU-PBS	ZF2	f	ZF	OSU	saline	0	122	OSU	#7C7C7C	1	5
Z	Z-OSU-PBS	ZF3	f	ZF	OSU	saline	0	122	OSU	#7C7C7C	1	5
Z	Z-OSU-PBS	ZF4	f	ZF	OSU	saline	0	122	OSU	#7C7C7C	1	5
Z	Z-OSU-ACTIVE6	ZG1	f	ZG	OSU	active ASO 6	500	122	OSU	#41B6C4	1	5
Z	Z-OSU-ACTIVE6	ZG2	f	ZG	OSU	active ASO 6	500	122	OSU	#41B6C4	1	5
Z	Z-OSU-ACTIVE6	ZG3	f	ZG	OSU	active ASO 6	500	122	OSU	#41B6C4	1	5
Z	Z-OSU-ACTIVE6	ZG4	f	ZG	OSU	active ASO 6	500	122	OSU	#41B6C4	1	5
Z	Z-OSU-ACTIVE6	ZH1	f	ZH	OSU	active ASO 6	500	122	OSU	#41B6C4	1	5
Z	Z-OSU-ACTIVE6	ZH2	f	ZH	OSU	active ASO 6	500	122	OSU	#41B6C4	1	5
Z	Z-OSU-ACTIVE6	ZH3	f	ZH	OSU	active ASO 6	500	122	OSU	#41B6C4	1	5
Z	Z-OSU-ACTIVE6	ZH4	f	ZH	OSU	active ASO 6	500	NA	OSU	#41B6C4	1	5
Z	Z-RML-PBS	ZI1	f	ZI	RML	saline	0	123	RML	#7C7C7C	1	1
Z	Z-RML-PBS	ZI2	f	ZI	RML	saline	0	123	RML	#7C7C7C	1	1
Z	Z-RML-PBS	ZI3	f	ZI	RML	saline	0	123	RML	#7C7C7C	1	1
Z	Z-RML-PBS	ZI4	f	ZI	RML	saline	0	123	RML	#7C7C7C	1	1
Z	Z-RML-PBS	ZJ1	f	ZJ	RML	saline	0	123	RML	#7C7C7C	1	1
Z	Z-RML-PBS	ZJ2	f	ZJ	RML	saline	0	123	RML	#7C7C7C	1	1
Z	Z-RML-PBS	ZJ3	f	ZJ	RML	saline	0	123	RML	#7C7C7C	1	1
Z	Z-RML-PBS	ZJ4	f	ZJ	RML	saline	0	123	RML	#7C7C7C	1	1
Z	Z-RML-ACTIVE6	ZK1	f	ZK	RML	active ASO 6	500	123	RML	#41B6C4	1	1
Z	Z-RML-ACTIVE6	ZK2	f	ZK	RML	active ASO 6	500	123	RML	#41B6C4	1	1
Z	Z-RML-ACTIVE6	ZK3	f	ZK	RML	active ASO 6	500	123	RML	#41B6C4	1	1
Z	Z-RML-ACTIVE6	ZK4	f	ZK	RML	active ASO 6	500	123	RML	#41B6C4	1	1
Z	Z-RML-ACTIVE6	ZL1	f	ZL	RML	active ASO 6	500	123	RML	#41B6C4	1	1
Z	Z-RML-ACTIVE6	ZL2	f	ZL	RML	active ASO 6	500	123	RML	#41B6C4	1	1
Z	Z-RML-ACTIVE6	ZL3	f	ZL	RML	active ASO 6	500	123	RML	#41B6C4	1	1
Z	Z-RML-ACTIVE6	ZL4	f	ZL	RML	active ASO 6	500	123	RML	#41B6C4	1	1
Z	Z-ME7-PBS	ZM1	f	ZM	ME7	saline	0	129	ME7	#7C7C7C	1	4
Z	Z-ME7-PBS	ZM2	f	ZM	ME7	saline	0	129	ME7	#7C7C7C	1	4
Z	Z-ME7-PBS	ZM3	f	ZM	ME7	saline	0	129	ME7	#7C7C7C	1	4
Z	Z-ME7-PBS	ZM4	f	ZM	ME7	saline	0	129	ME7	#7C7C7C	1	4
Z	Z-ME7-PBS	ZN1	f	ZN	ME7	saline	0	129	ME7	#7C7C7C	1	4
Z	Z-ME7-PBS	ZN2	f	ZN	ME7	saline	0	129	ME7	#7C7C7C	1	4
Z	Z-ME7-PBS	ZN3	f	ZN	ME7	saline	0	129	ME7	#7C7C7C	1	4
Z	Z-ME7-PBS	ZN4	f	ZN	ME7	saline	0	129	ME7	#7C7C7C	1	4
Z	Z-ME7-ACTIVE6	ZO1	f	ZO	ME7	active ASO 6	500	129	ME7	#41B6C4	1	4
Z	Z-ME7-ACTIVE6	ZO2	f	ZO	ME7	active ASO 6	500	129	ME7	#41B6C4	1	4
Z	Z-ME7-ACTIVE6	ZO3	f	ZO	ME7	active ASO 6	500	129	ME7	#41B6C4	1	4
Z	Z-ME7-ACTIVE6	ZO4	f	ZO	ME7	active ASO 6	500	129	ME7	#41B6C4	1	4
Z	Z-ME7-ACTIVE6	ZP1	f	ZP	ME7	active ASO 6	500	129	ME7	#41B6C4	1	4
Z	Z-ME7-ACTIVE6	ZP2	f	ZP	ME7	active ASO 6	500	129	ME7	#41B6C4	1	4
Z	Z-ME7-ACTIVE6	ZP3	f	ZP	ME7	active ASO 6	500	129	ME7	#41B6C4	1	4
Z	Z-ME7-ACTIVE6	ZP4	f	ZP	ME7	active ASO 6	500	129	ME7	#41B6C4	1	4
Z	Z-Fu1-PBS	ZQ1	f	ZQ	Fukuoka-1	saline	0	128	Fukuoka-1	#7C7C7C	1	3
Z	Z-Fu1-PBS	ZQ2	f	ZQ	Fukuoka-1	saline	0	128	Fukuoka-1	#7C7C7C	1	3
Z	Z-Fu1-PBS	ZQ3	f	ZQ	Fukuoka-1	saline	0	128	Fukuoka-1	#7C7C7C	1	3
Z	Z-Fu1-PBS	ZQ4	f	ZQ	Fukuoka-1	saline	0	128	Fukuoka-1	#7C7C7C	1	3
Z	Z-Fu1-PBS	ZR1	f	ZR	Fukuoka-1	saline	0	128	Fukuoka-1	#7C7C7C	1	3
Z	Z-Fu1-PBS	ZR2	f	ZR	Fukuoka-1	saline	0	128	Fukuoka-1	#7C7C7C	1	3
Z	Z-Fu1-PBS	ZR3	f	ZR	Fukuoka-1	saline	0	128	Fukuoka-1	#7C7C7C	1	3
Z	Z-Fu1-PBS	ZR4	f	ZR	Fukuoka-1	saline	0	128	Fukuoka-1	#7C7C7C	1	3
Z	Z-Fu1-ACTIVE6	ZS1	f	ZS	Fukuoka-1	active ASO 6	500	128	Fukuoka-1	#41B6C4	1	3
Z	Z-Fu1-ACTIVE6	ZS2	f	ZS	Fukuoka-1	active ASO 6	500	128	Fukuoka-1	#41B6C4	1	3
Z	Z-Fu1-ACTIVE6	ZS3	f	ZS	Fukuoka-1	active ASO 6	500	128	Fukuoka-1	#41B6C4	1	3
Z	Z-Fu1-ACTIVE6	ZS4	f	ZS	Fukuoka-1	active ASO 6	500	128	Fukuoka-1	#41B6C4	1	3
Z	Z-Fu1-ACTIVE6	ZT1	f	ZT	Fukuoka-1	active ASO 6	500	128	Fukuoka-1	#41B6C4	1	3
Z	Z-Fu1-ACTIVE6	ZT2	f	ZT	Fukuoka-1	active ASO 6	500	128	Fukuoka-1	#41B6C4	1	3
Z	Z-Fu1-ACTIVE6	ZT3	f	ZT	Fukuoka-1	active ASO 6	500	128	Fukuoka-1	#41B6C4	1	3
Z	Z-Fu1-ACTIVE6	ZT4	f	ZT	Fukuoka-1	active ASO 6	500	128	Fukuoka-1	#41B6C4	1	3
Q	Q-PBS	QA1	f	QA	22L	saline	0	-13	saline	#7C7C7C	1	2
Q	Q-PBS	QA2	f	QA	22L	saline	0	-13	saline	#7C7C7C	1	2
Q	Q-PBS	QA3	f	QA	22L	saline	0	-13	saline	#7C7C7C	1	2
Q	Q-PBS	QA4	f	QA	22L	saline	0	-13	saline	#7C7C7C	1	2
Q	Q-PBS	QB1	f	QB	22L	saline	0	-13	saline	#7C7C7C	1	2
Q	Q-PBS	QB2	f	QB	22L	saline	0	-13	saline	#7C7C7C	1	2
Q	Q-PBS	QB3	f	QB	22L	saline	0	-13	saline	#7C7C7C	1	2
Q	Q-PBS	QB4	f	QB	22L	saline	0	-13	saline	#7C7C7C	1	2
Q	Q-ACTIVE1	QC1	f	QC	22L	active ASO 1	500	-13	active ASO 1	#0909FF	1	2
Q	Q-ACTIVE1	QC2	f	QC	22L	active ASO 1	500	-13	active ASO 1	#0909FF	1	2
Q	Q-ACTIVE1	QC3	f	QC	22L	active ASO 1	500	-13	active ASO 1	#0909FF	1	2
Q	Q-ACTIVE1	QC4	f	QC	22L	active ASO 1	500	-13	active ASO 1	#0909FF	1	2
Q	Q-ACTIVE1	QD1	f	QD	22L	active ASO 1	500	-13	active ASO 1	#0909FF	1	2
Q	Q-ACTIVE1	QD2	f	QD	22L	active ASO 1	500	-13	active ASO 1	#0909FF	1	2
Q	Q-ACTIVE1	QD3	f	QD	22L	active ASO 1	500	-13	active ASO 1	#0909FF	1	2
Q	Q-ACTIVE1	QD4	f	QD	22L	active ASO 1	500	-13	active ASO 1	#0909FF	1	2
01	01-PBS	A1	f	A	RML	saline	500	-13	saline	#7C7C7C	1	3
01	01-PBS	A2	f	A	RML	saline	500	-13	saline	#7C7C7C	1	3
01	01-PBS	A3	f	A	RML	saline	500	-13	saline	#7C7C7C	1	3
01	01-PBS	A4	f	A	RML	saline	500	-13	saline	#7C7C7C	1	3
01	01-CONTROL3	B1	f	B	RML	control ASO 3	500	-13	control ASO 3	#91724A	1	6
01	01-CONTROL3	B2	f	B	RML	control ASO 3	500	-13	control ASO 3	#91724A	1	6
01	01-CONTROL3	B3	f	B	RML	control ASO 3	500	-13	control ASO 3	#91724A	1	6
01	01-CONTROL3	B4	f	B	RML	control ASO 3	500	-13	control ASO 3	#91724A	1	6
01	01-ACTIVE1	C1	f	C	RML	active ASO 1	500	-13	active ASO 1	#0909FF	1	4
01	01-ACTIVE1	C2	f	C	RML	active ASO 1	500	-13	active ASO 1	#0909FF	1	4
01	01-ACTIVE1	C3	f	C	RML	active ASO 1	500	-13	active ASO 1	#0909FF	1	4
01	01-ACTIVE1	C4	f	C	RML	active ASO 1	500	-13	active ASO 1	#0909FF	1	4
01	01-ACTIVE2	D1	f	D	RML	active ASO 2	500	-13	active ASO 2	#09C009	1	5
01	01-ACTIVE2	D2	f	D	RML	active ASO 2	500	-13	active ASO 2	#09C009	1	5
01	01-ACTIVE2	D3	f	D	RML	active ASO 2	500	-13	active ASO 2	#09C009	1	5
01	01-ACTIVE2	D4	f	D	RML	active ASO 2	500	-13	active ASO 2	#09C009	1	5
01	01-PBS	E1	f	E	RML	saline	500	-13	saline	#7C7C7C	1	3
01	01-PBS	E2	f	E	RML	saline	500	-13	saline	#7C7C7C	1	3
01	01-PBS	E3	f	E	RML	saline	500	-13	saline	#7C7C7C	1	3
01	01-PBS	E4	f	E	RML	saline	500	-13	saline	#7C7C7C	1	3
01	01-CONTROL3	F1	f	F	RML	control ASO 3	500	-13	control ASO 3	#91724A	1	6
01	01-CONTROL3	F2	f	F	RML	control ASO 3	500	-13	control ASO 3	#91724A	1	6
01	01-CONTROL3	F3	f	F	RML	control ASO 3	500	-13	control ASO 3	#91724A	1	6
01	01-CONTROL3	F4	f	F	RML	control ASO 3	500	-13	control ASO 3	#91724A	1	6
01	01-ACTIVE1	G1	f	G	RML	active ASO 1	500	-13	active ASO 1	#0909FF	1	4
01	01-ACTIVE1	G2	f	G	RML	active ASO 1	500	-13	active ASO 1	#0909FF	1	4
01	01-ACTIVE1	G3	f	G	RML	active ASO 1	500	-13	active ASO 1	#0909FF	1	4
01	01-ACTIVE1	G4	f	G	RML	active ASO 1	500	-13	active ASO 1	#0909FF	1	4
01	01-ACTIVE2	H1	f	H	RML	active ASO 2	500	-13	active ASO 2	#09C009	1	5
01	01-ACTIVE2	H2	f	H	RML	active ASO 2	500	-13	active ASO 2	#09C009	1	5
01	01-ACTIVE2	H3	f	H	RML	active ASO 2	500	-13	active ASO 2	#09C009	1	5
01	01-ACTIVE2	H4	f	H	RML	active ASO 2	500	-13	active ASO 2	#09C009	1	5
01	01-PBS	I1	f	I	RML	saline	500	-13	saline	#7C7C7C	1	3
01	01-PBS	I2	f	I	RML	saline	500	-13	saline	#7C7C7C	1	3
01	01-PBS	I3	f	I	RML	saline	500	-13	saline	#7C7C7C	1	3
01	01-PBS	I4	f	I	RML	saline	500	-13	saline	#7C7C7C	1	3
01	01-CONTROL3	J1	f	J	RML	control ASO 3	500	-13	control ASO 3	#91724A	1	6
01	01-CONTROL3	J2	f	J	RML	control ASO 3	500	-13	control ASO 3	#91724A	1	6
01	01-CONTROL3	J3	f	J	RML	control ASO 3	500	-13	control ASO 3	#91724A	1	6
01	01-CONTROL3	J4	f	J	RML	control ASO 3	500	-13	control ASO 3	#91724A	1	6
01	01-ACTIVE1	K1	f	K	RML	active ASO 1	500	-13	active ASO 1	#0909FF	1	4
01	01-ACTIVE1	K2	f	K	RML	active ASO 1	500	-13	active ASO 1	#0909FF	1	4
01	01-ACTIVE1	K3	f	K	RML	active ASO 1	500	-13	active ASO 1	#0909FF	1	4
01	01-ACTIVE1	K4	f	K	RML	active ASO 1	500	-13	active ASO 1	#0909FF	1	4
01	01-ACTIVE2	L1	f	L	RML	active ASO 2	500	-13	active ASO 2	#09C009	1	5
01	01-ACTIVE2	L2	f	L	RML	active ASO 2	500	-13	active ASO 2	#09C009	1	5
01	01-ACTIVE2	L3	f	L	RML	active ASO 2	500	-13	active ASO 2	#09C009	1	5
01	01-ACTIVE2	L4	f	L	RML	active ASO 2	500	-13	active ASO 2	#09C009	1	5
01	01-NBH	M1	f	M	uninfected	no treatment	0	NA	uninoculated	#AAAAAA	3	1
01	01-NBH	M2	f	M	uninfected	no treatment	0	NA	uninoculated	#AAAAAA	3	1
01	01-NBH	M3	f	M	uninfected	no treatment	0	NA	uninoculated	#AAAAAA	3	1
01	01-NBH	M4	f	M	uninfected	no treatment	0	NA	uninoculated	#AAAAAA	3	1
01	01-NBH	N1	f	N	uninfected	no treatment	0	NA	uninoculated	#AAAAAA	3	1
01	01-NBH	N2	f	N	uninfected	no treatment	0	NA	uninoculated	#AAAAAA	3	1
01	01-NBH	N3	f	N	uninfected	no treatment	0	NA	uninoculated	#AAAAAA	3	1
01	01-NBH	N4	f	N	uninfected	no treatment	0	NA	uninoculated	#AAAAAA	3	1
01	01-NBH	O1	f	O	uninfected	no treatment	0	NA	uninoculated	#AAAAAA	3	1
01	01-NBH	O2	f	O	uninfected	no treatment	0	NA	uninoculated	#AAAAAA	3	1
01	01-NBH	O3	f	O	uninfected	no treatment	0	NA	uninoculated	#AAAAAA	3	1
01	01-NBH	O4	f	O	uninfected	no treatment	0	NA	uninoculated	#AAAAAA	3	1
01	01-none	P1	f	P	RML	no treatment	0	NA	no treatment	#000000	1	2
01	01-none	P2	f	P	RML	no treatment	0	NA	no treatment	#000000	1	2
01	01-none	P3	f	P	RML	no treatment	0	NA	no treatment	#000000	1	2
01	01-none	P4	f	P	RML	no treatment	0	NA	no treatment	#000000	1	2
01	01-none	Q1	f	Q	RML	no treatment	0	NA	no treatment	#000000	1	2
01	01-none	Q2	f	Q	RML	no treatment	0	NA	no treatment	#000000	1	2
01	01-none	Q3	f	Q	RML	no treatment	0	NA	no treatment	#000000	1	2
01	01-none	Q4	f	Q	RML	no treatment	0	NA	no treatment	#000000	1	2
01	01-none	R1	f	R	RML	no treatment	0	NA	no treatment	#000000	1	2
01	01-none	R2	f	R	RML	no treatment	0	NA	no treatment	#000000	1	2
01	01-none	R3	f	R	RML	no treatment	0	NA	no treatment	#000000	1	2
01	01-none	R4	f	R	RML	no treatment	0	NA	no treatment	#000000	1	2
01	01-NBH	S1	f	S	uninfected	no treatment	0	NA	uninoculated	#AAAAAA	3	1
01	01-NBH	S2	f	S	uninfected	no treatment	0	NA	uninoculated	#AAAAAA	3	1
01	01-NBH	S3	f	S	uninfected	no treatment	0	NA	uninoculated	#AAAAAA	3	1
01	01-NBH	S4	f	S	uninfected	no treatment	0	NA	uninoculated	#AAAAAA	3	1
01	01-none	T1	f	T	RML	no treatment	0	NA	no treatment	#000000	1	2
01	01-none	T2	f	T	RML	no treatment	0	NA	no treatment	#000000	1	2
01	01-none	T3	f	T	RML	no treatment	0	NA	no treatment	#000000	1	2
01	01-none	T4	f	T	RML	no treatment	0	NA	no treatment	#000000	1	2
01	01-none	U1	f	U	RML	no treatment	0	NA	no treatment	#000000	1	2
01	01-none	U2	f	U	RML	no treatment	0	NA	no treatment	#000000	1	2
01	01-none	U3	f	U	RML	no treatment	0	NA	no treatment	#000000	1	2
01	01-none	U4	f	U	RML	no treatment	0	NA	no treatment	#000000	1	2
L	L-PBS	LA1	f	LA	RML	saline	0	120			NA	NA
L	L-PBS	LA2	f	LA	RML	saline	0	120			NA	NA
L	L-PBS	LA3	f	LA	RML	saline	0	120			NA	NA
L	L-PBS	LA4	f	LA	RML	saline	0	120			NA	NA
L	L-PBS	LB1	f	LB	RML	saline	0	120			NA	NA
L	L-CONTROL3	LB2	f	LB	RML	control ASO 3	500	120			NA	NA
L	L-CONTROL3	LB3	f	LB	RML	control ASO 3	500	120			NA	NA
L	L-PBS	LB4	f	LB	RML	saline	0	120			NA	NA
L	L-CONTROL3	LC1	f	LC	RML	control ASO 3	500	120			NA	NA
L	L-CONTROL3	LC2	f	LC	RML	control ASO 3	500	120			NA	NA
L	L-CONTROL3	LC3	f	LC	RML	control ASO 3	500	120			NA	NA
L	L-CONTROL3	LC4	f	LC	RML	control ASO 3	500	120			NA	NA
L	L-ACTIVE1	LD1	f	LD	RML	active ASO 1	500	120			NA	NA
L	L-ACTIVE1	LD2	f	LD	RML	active ASO 1	500	120			NA	NA
L	L-ACTIVE1	LD3	f	LD	RML	active ASO 1	500	120			NA	NA
L	L-ACTIVE1	LD4	f	LD	RML	active ASO 1	500	120			NA	NA
L	L-ACTIVE1	LE1	f	LE	RML	active ASO 1	500	120			NA	NA
L	L-ACTIVE1	LE2	f	LE	RML	active ASO 1	500	120			NA	NA
L	L-ACTIVE5	LE3	f	LE	RML	active ASO 5	500	121			NA	NA
L	L-ACTIVE5	LE4	f	LE	RML	active ASO 5	500	121			NA	NA
L	L-died	LF1	f	LF	RML	no treatment	NA	121			NA	NA
L	L-ACTIVE5	LF2	f	LF	RML	active ASO 5	500	121			NA	NA
L	L-ACTIVE5	LF3	f	LF	RML	active ASO 5	500	121			NA	NA
L	L-ACTIVE5	LF4	f	LF	RML	active ASO 5	500	121			NA	NA
L	L-ACTIVE8	LG1	f	LG	RML	active ASO 8	500	121			NA	NA
L	L-ACTIVE8	LG2	f	LG	RML	active ASO 8	500	121			NA	NA
L	L-ACTIVE8	LG3	f	LG	RML	active ASO 8	500	121			NA	NA
L	L-ACTIVE8	LG4	f	LG	RML	active ASO 8	500	121			NA	NA
L	L-ACTIVE8	LH1	f	LH	RML	active ASO 8	500	121			NA	NA
L	L-ACTIVE8	LH2	f	LH	RML	active ASO 8	500	121			NA	NA
L	L-CONTROL4	LH3	f	LH	RML	control ASO 4	500	121			NA	NA
L	L-CONTROL4	LH4	f	LH	RML	control ASO 4	500	121			NA	NA
L	L-CONTROL4	LI1	f	LI	RML	control ASO 4	500	121			NA	NA
L	L-CONTROL4	LI2	f	LI	RML	control ASO 4	500	121			NA	NA
L	L-CONTROL4	LI3	f	LI	RML	control ASO 4	500	121			NA	NA
L	L-CONTROL4	LI4	f	LI	RML	control ASO 4	500	121			NA	NA
L	L-ACTIVE6	LJ1	f	LJ	RML	active ASO 6	500	121			NA	NA
L	L-ACTIVE6	LJ2	f	LJ	RML	active ASO 6	500	121			NA	NA
L	L-ACTIVE6	LJ3	f	LJ	RML	active ASO 6	500	121			NA	NA
L	L-ACTIVE6	LJ4	f	LJ	RML	active ASO 6	500	121			NA	NA
L	L-ACTIVE6	LK1	f	LK	RML	active ASO 6	500	121			NA	NA
L	L-ACTIVE6	LK2	f	LK	RML	active ASO 6	500	121			NA	NA
L	L-ACTIVE7	LK3	f	LK	RML	active ASO 7	500	122			NA	NA
L	L-ACTIVE7	LK4	f	LK	RML	active ASO 7	500	122			NA	NA
L	L-ACTIVE7	LL1	f	LL	RML	active ASO 7	500	122			NA	NA
L	L-ACTIVE7	LL2	f	LL	RML	active ASO 7	500	122			NA	NA
L	L-ACTIVE7	LL3	f	LL	RML	active ASO 7	500	122			NA	NA
L	L-ACTIVE7	LL4	f	LL	RML	active ASO 7	500	122			NA	NA
V	V-120-PBS	VA1	f	VA	RML	saline	0	120	saline	#7C7C7C	1	120
V	V-120-PBS	VA2	f	VA	RML	saline	0	120	saline	#7C7C7C	1	120
V	V-120-PBS	VA3	f	VA	RML	saline	0	120	saline	#7C7C7C	1	120
V	V-120-PBS	VA4	f	VA	RML	saline	0	120	saline	#7C7C7C	1	120
V	V-120-PBS	VB1	f	VB	RML	saline	0	120	saline	#7C7C7C	1	120
V	V-120-PBS	VB2	f	VB	RML	saline	0	120	saline	#7C7C7C	1	120
V	V-120-PBS	VB3	f	VB	RML	saline	0	120	saline	#7C7C7C	1	120
V	V-120-PBS	VB4	f	VB	RML	saline	0	120	saline	#7C7C7C	1	120
V	V-120-PBS	VC1	f	VC	RML	saline	0	120	saline	#7C7C7C	1	120
V	V-120-PBS	VC2	f	VC	RML	saline	0	120	saline	#7C7C7C	1	120
V	V-120-PBS	VC3	f	VC	RML	saline	0	120	saline	#7C7C7C	1	120
V	V-120-PBS	VC4	f	VC	RML	saline	0	120	saline	#7C7C7C	1	120
V	V-120-ACTIVE6	VD1	f	VD	RML	active ASO 6	500	120	active ASO 6	#41B6C4	1	120
V	V-120-ACTIVE6	VD2	f	VD	RML	active ASO 6	500	120	active ASO 6	#41B6C4	1	120
V	V-120-ACTIVE6	VD3	f	VD	RML	active ASO 6	500	120	active ASO 6	#41B6C4	1	120
V	V-120-ACTIVE6	VD4	f	VD	RML	active ASO 6	500	120	active ASO 6	#41B6C4	1	120
V	V-120-ACTIVE6	VE1	f	VE	RML	active ASO 6	500	120	active ASO 6	#41B6C4	1	120
V	V-120-ACTIVE6	VE2	f	VE	RML	active ASO 6	500	120	active ASO 6	#41B6C4	1	120
V	V-120-ACTIVE6	VE3	f	VE	RML	active ASO 6	500	120	active ASO 6	#41B6C4	1	120
V	V-120-ACTIVE6	VE4	f	VE	RML	active ASO 6	500	120	active ASO 6	#41B6C4	1	120
V	V-120-ACTIVE6	VF1	f	VF	RML	active ASO 6	500	120	active ASO 6	#41B6C4	1	120
V	V-120-ACTIVE6	VF2	f	VF	RML	active ASO 6	500	120	active ASO 6	#41B6C4	1	120
V	V-120-ACTIVE6	VF3	f	VF	RML	active ASO 6	500	120	active ASO 6	#41B6C4	1	120
V	V-120-ACTIVE6	VF4	f	VF	RML	active ASO 6	500	120	active ASO 6	#41B6C4	1	120
V	V-132-PBS	VG1	f	VG	RML	saline	0	132	saline	#7C7C7C	1	132
V	V-132-PBS	VG2	f	VG	RML	saline	0	132	saline	#7C7C7C	1	132
V	V-132-PBS	VG3	f	VG	RML	saline	0	132	saline	#7C7C7C	1	132
V	V-132-PBS	VG4	f	VG	RML	saline	0	132	saline	#7C7C7C	1	132
V	V-132-PBS	VH1	f	VH	RML	saline	0	132	saline	#7C7C7C	1	132
V	V-132-PBS	VH2	f	VH	RML	saline	0	132	saline	#7C7C7C	1	132
V	V-132-PBS	VH3	f	VH	RML	saline	0	132	saline	#7C7C7C	1	132
V	V-132-PBS	VH4	f	VH	RML	saline	0	132	saline	#7C7C7C	1	132
V	V-132-PBS	VI1	f	VI	RML	saline	0	132	saline	#7C7C7C	1	132
V	V-132-PBS	VI2	f	VI	RML	saline	0	132	saline	#7C7C7C	1	132
V	V-died	VI3	f	VI	RML	saline	0	NA			NA	NA
V	V-132-PBS	VI4	f	VI	RML	saline	0	132	saline	#7C7C7C	1	132
V	V-132-ACTIVE6	VJ1	f	VJ	RML	active ASO 6	500	132	active ASO 6	#41B6C4	1	132
V	V-132-ACTIVE6	VJ2	f	VJ	RML	active ASO 6	500	132	active ASO 6	#41B6C4	1	132
V	V-132-ACTIVE6	VJ3	f	VJ	RML	active ASO 6	500	132	active ASO 6	#41B6C4	1	132
V	V-132-ACTIVE6	VJ4	f	VJ	RML	active ASO 6	500	132	active ASO 6	#41B6C4	1	132
V	V-132-ACTIVE6	VK1	f	VK	RML	active ASO 6	500	132	active ASO 6	#41B6C4	1	132
V	V-132-ACTIVE6	VK2	f	VK	RML	active ASO 6	500	132	active ASO 6	#41B6C4	1	132
V	V-132-ACTIVE6	VK3	f	VK	RML	active ASO 6	500	132	active ASO 6	#41B6C4	1	132
V	V-132-ACTIVE6	VK4	f	VK	RML	active ASO 6	500	132	active ASO 6	#41B6C4	1	132
V	V-132-ACTIVE6	VL1	f	VL	RML	active ASO 6	500	132	active ASO 6	#41B6C4	1	132
V	V-132-ACTIVE6	VL2	f	VL	RML	active ASO 6	500	132	active ASO 6	#41B6C4	1	132
V	V-132-ACTIVE6	VL3	f	VL	RML	active ASO 6	500	132	active ASO 6	#41B6C4	1	132
V	V-132-ACTIVE6	VL4	f	VL	RML	active ASO 6	500	132	active ASO 6	#41B6C4	1	132
V	V-143-PBS	VM1	f	VM	RML	saline	0	143	saline	#7C7C7C	1	143
V	V-143-PBS	VM2	f	VM	RML	saline	0	143	saline	#7C7C7C	1	143
V	V-143-PBS	VM3	f	VM	RML	saline	0	143	saline	#7C7C7C	1	143
V	V-143-PBS	VM4	f	VM	RML	saline	0	143	saline	#7C7C7C	1	143
V	V-143-PBS	VN1	f	VN	RML	saline	0	143	saline	#7C7C7C	1	143
V	V-143-PBS	VN2	f	VN	RML	saline	0	143	saline	#7C7C7C	1	143
V	V-143-PBS	VN3	f	VN	RML	saline	0	143	saline	#7C7C7C	1	143
V	V-143-PBS	VN4	f	VN	RML	saline	0	143	saline	#7C7C7C	1	143
V	V-143-PBS	VO1	f	VO	RML	saline	0	143	saline	#7C7C7C	1	143
V	V-143-PBS	VO2	f	VO	RML	saline	0	143	saline	#7C7C7C	1	143
V	V-143-PBS	VO3	f	VO	RML	saline	0	143	saline	#7C7C7C	1	143
V	V-143-PBS	VO4	f	VO	RML	saline	0	143	saline	#7C7C7C	1	143
V	V-143-ACTIVE6	VP1	f	VP	RML	active ASO 6	500	143	active ASO 6	#41B6C4	1	143
V	V-143-ACTIVE6	VP2	f	VP	RML	active ASO 6	500	143	active ASO 6	#41B6C4	1	143
V	V-143-ACTIVE6	VP3	f	VP	RML	active ASO 6	500	143	active ASO 6	#41B6C4	1	143
V	V-143-ACTIVE6	VP4	f	VP	RML	active ASO 6	500	143	active ASO 6	#41B6C4	1	143
V	V-143-ACTIVE6	VQ1	f	VQ	RML	active ASO 6	500	143	active ASO 6	#41B6C4	1	143
V	V-143-ACTIVE6	VQ2	f	VQ	RML	active ASO 6	500	143	active ASO 6	#41B6C4	1	143
V	V-143-ACTIVE6	VQ3	f	VQ	RML	active ASO 6	500	143	active ASO 6	#41B6C4	1	143
V	V-143-ACTIVE6	VQ4	f	VQ	RML	active ASO 6	500	143	active ASO 6	#41B6C4	1	143
V	V-143-ACTIVE6	VR1	f	VR	RML	active ASO 6	500	143	active ASO 6	#41B6C4	1	143
V	V-143-ACTIVE6	VR2	f	VR	RML	active ASO 6	500	NA	active ASO 6	#41B6C4	1	143
V	V-143-ACTIVE6	VR3	f	VR	RML	active ASO 6	500	143	active ASO 6	#41B6C4	1	143
V	V-143-ACTIVE6	VR4	f	VR	RML	active ASO 6	500	143	active ASO 6	#41B6C4	1	143
V	V-died	VS1	f	VS	RML	no treatment	0	NA			NA	NA
V	V-156-ACTIVE6	VS2	f	VS	RML	active ASO 6	500	156	active ASO 6	#41B6C4	1	156
V	V-156-ACTIVE6	VS3	f	VS	RML	active ASO 6	500	156	active ASO 6	#41B6C4	1	156
V	V-died	VS4	f	VS	RML	no treatment	0	NA			NA	NA
V	V-156-ACTIVE6	VT1	f	VT	RML	saline	0	156	active ASO 6	#41B6C4	1	156
V	V-156-ACTIVE6	VT2	f	VT	RML	saline	0	156	active ASO 6	#41B6C4	1	156
V	V-died	VT3	f	VT	RML	no treatment	0	NA			NA	NA
V	V-died	VT4	f	VT	RML	no treatment	0	NA			NA	NA
V	V-156-PBS	VU1	f	VU	RML	active ASO 6	500	156	saline	#7C7C7C	1	156
V	V-156-PBS	VU2	f	VU	RML	active ASO 6	500	156	saline	#7C7C7C	1	156
V	V-156-PBS	VU3	f	VU	RML	active ASO 6	500	156	saline	#7C7C7C	1	156
V	V-156-PBS	VU4	f	VU	RML	active ASO 6	500	156	saline	#7C7C7C	1	156
V	V-156-ACTIVE6	VV1	f	VV	RML	saline	0	156	active ASO 6	#41B6C4	1	156
V	V-156-ACTIVE6	VV2	f	VV	RML	saline	0	156	active ASO 6	#41B6C4	1	156
V	V-156-ACTIVE6	VV3	f	VV	RML	saline	0	156	active ASO 6	#41B6C4	1	156
V	V-156-ACTIVE6	VV4	f	VV	RML	saline	0	156	active ASO 6	#41B6C4	1	156
V	V-156-PBS	VW1	f	VW	RML	active ASO 6	500	156	saline	#7C7C7C	1	156
V	V-156-PBS	VW2	f	VW	RML	active ASO 6	500	156	saline	#7C7C7C	1	156
V	V-156-PBS	VW3	f	VW	RML	active ASO 6	500	156	saline	#7C7C7C	1	156
V	V-156-PBS	VW4	f	VW	RML	active ASO 6	500	156	saline	#7C7C7C	1	156
V	V-died	VX1	f	VX	RML	no treatment	0	NA			NA	NA
V	V-died	VX2	f	VX	RML	saline	0	NA			NA	NA
V	V-died	VX3	f	VX	RML	saline	0	NA			NA	NA
V	V-156-PBS	VX4	f	VX	RML	saline	0	156	saline	#7C7C7C	1	156
